test61;test61
test62;test62
test63;test63
test64;test64
test65;test65
test66;test66
test67;test67
test68;test68
test69;test69
test70;test70
test71;test71
test72;test72
test73;test73
test74;test74
test75;test75
test76;test76
test77;test77
test78;test78
test79;test79
test80;test80
test81;test81
test82;test82
test83;test83
test84;test84
test85;test85
test86;test86
test87;test87
test88;test88
test89;test89
test90;test90
test61;test61
test62;test62
test63;test63
test64;test64
test65;test65
test66;test66
test67;test67
test68;test68
test69;test69
test70;test70
test71;test71
test72;test72
test73;test73
test74;test74
test75;test75
test76;test76
test77;test77
test78;test78
test79;test79
test80;test80
test81;test81
test82;test82
test83;test83
test84;test84
test85;test85
test86;test86
test87;test87
test88;test88
test89;test89
test90;test90
test61;test61
test62;test62
test63;test63
test64;test64
test65;test65
test66;test66
test67;test67
test68;test68
test69;test69
test70;test70
test71;test71
test72;test72
test73;test73
test74;test74
test75;test75
test76;test76
test77;test77
test78;test78
test79;test79
test80;test80
test81;test81
test82;test82
test83;test83
test84;test84
test85;test85
test86;test86
test87;test87
test88;test88
test89;test89
test90;test90
test61;test61
test62;test62
test63;test63
test64;test64
test65;test65
test66;test66
test67;test67
test68;test68
test69;test69
test70;test70
test71;test71
test72;test72
test73;test73
test74;test74
test75;test75
test76;test76
test77;test77
test78;test78
test79;test79
test80;test80
test81;test81
test82;test82
test83;test83
test84;test84
test85;test85
test86;test86
test87;test87
test88;test88
test89;test89
test90;test90
test61;test61
test62;test62
test63;test63
test64;test64
test65;test65
test66;test66
test67;test67
test68;test68
test69;test69
test70;test70
test71;test71
test72;test72
test73;test73
test74;test74
test75;test75
test76;test76
test77;test77
test78;test78
test79;test79
test80;test80
test81;test81
test82;test82
test83;test83
test84;test84
test85;test85
test86;test86
test87;test87
test88;test88
test89;test89
test90;test90
test61;test61
test62;test62
test63;test63
test64;test64
test65;test65
test66;test66
test67;test67
test68;test68
test69;test69
test70;test70
test71;test71
test72;test72
test73;test73
test74;test74
test75;test75
test76;test76
test77;test77
test78;test78
test79;test79
test80;test80
test81;test81
test82;test82
test83;test83
test84;test84
test85;test85
test86;test86
test87;test87
test88;test88
test89;test89
test90;test90
test61;test61
test62;test62
test63;test63
test64;test64
test65;test65
test66;test66
test67;test67
test68;test68
test69;test69
test70;test70
test71;test71
test72;test72
test73;test73
test74;test74
test75;test75
test76;test76
test77;test77
test78;test78
test79;test79
test80;test80
test81;test81
test82;test82
test83;test83
test84;test84
test85;test85
test86;test86
test87;test87
test88;test88
test89;test89
test90;test90
test61;test61
test62;test62
test63;test63
test64;test64
test65;test65
test66;test66
test67;test67
test68;test68
test69;test69
test70;test70
test71;test71
test72;test72
test73;test73
test74;test74
test75;test75
test76;test76
test77;test77
test78;test78
test79;test79
test80;test80
test81;test81
test82;test82
test83;test83
test84;test84
test85;test85
test86;test86
test87;test87
test88;test88
test89;test89
test90;test90
test61;test61
test62;test62
test63;test63
test64;test64
test65;test65
test66;test66
test67;test67
test68;test68
test69;test69
test70;test70
test71;test71
test72;test72
test73;test73
test74;test74
test75;test75
test76;test76
test77;test77
test78;test78
test79;test79
test80;test80
test81;test81
test82;test82
test83;test83
test84;test84
test85;test85
test86;test86
test87;test87
test88;test88
test89;test89
test90;test90
test61;test61
test62;test62
test63;test63
test64;test64
test65;test65
test66;test66
test67;test67
test68;test68
test69;test69
test70;test70
test71;test71
test72;test72
test73;test73
test74;test74
test75;test75
test76;test76
test77;test77
test78;test78
test79;test79
test80;test80
test81;test81
test82;test82
test83;test83
test84;test84
test85;test85
test86;test86
test87;test87
test88;test88
test89;test89
test90;test90